Species Taxon ID,Species Name,Proteome ID,Proteome Taxon,Proteome Type,Source Count,Epitope Count,Successful Source Assignment,Successful Epitope Assignment
24,Shewanella putrefaciens,UP000008209,399804,Non-redundant,1.0,1.0,100.0,100.0
106,Runella slithyformis,UP000000493,761193,Representative,1.0,1.0,100.0,100.0
108,Spirosoma linguale,UP000002028,504472,Other,1.0,1.0,100.0,100.0
139,Borreliella burgdorferi,UP000001807,224326,Representative,72.0,852.0,100.0,88.7323943661972
158,Treponema denticola,UP000008212,243275,Representative,2.0,2.0,100.0,100.0
160,Treponema pallidum,UP000000811,243276,Representative,13.0,477.0,100.0,90.7756813417191
162,Treponema phagedenis,UP000042527,162,Representative,1.0,1.0,100.0,100.0
173,Leptospira interrogans,UP000093180,211880,Representative,34.0,299.0,97.0588235294118,79.933110367893
174,Leptospira borgpetersenii,UP000011783,1193007,Representative,4.0,8.0,100.0,25.0
188,Magnetospirillum magnetotacticum,UP000031971,272627,Other,5.0,5.0,100.0,80.0
195,Campylobacter coli,UP000255069,195,Non-redundant,4.0,4.0,100.0,100.0
196,Campylobacter fetus,UP000000760,360106,Representative,1.0,17.0,100.0,70.5882352941177
197,Campylobacter jejuni,UP000000799,192222,Representative,124.0,581.0,93.5483870967742,82.0998278829604
199,Campylobacter concisus,UP000066049,199,Non-redundant,10.0,10.0,100.0,40.0
200,Campylobacter curvus,UP000006380,360105,Representative,1.0,1.0,100.0,0.0
201,Campylobacter lari,UP000007727,306263,Non-redundant,1.0,1.0,100.0,100.0
210,Helicobacter pylori,UP000000429,85962,Representative,208.0,1232.0,100.0,87.0941558441558
235,Brucella abortus,UP000002719,359391,Representative,316.0,333.0,100.0,97.2972972972973
236,Brucella ovis,UP000006383,444178,Non-redundant,14.0,11.0,100.0,100.0
263,Francisella tularensis,UP000001174,177416,Representative,864.0,2748.0,99.4212962962963,87.2634643377001
266,Paracoccus denitrificans,UP000000361,318586,Representative,3.0,5.0,100.0,100.0
271,Thermus aquaticus,UP000037685,271,Other,2.0,1.0,100.0,0.0
274,Thermus thermophilus,UP000000532,300852,Representative,4.0,3.0,100.0,100.0
280,Xanthobacter autotrophicus,UP000002417,78245,Representative,2.0,2.0,100.0,50.0
285,Comamonas testosteroni,UP000003039,399795,Non-redundant,1.0,1.0,100.0,100.0
287,Pseudomonas aeruginosa,UP000002438,208964,Representative,148.0,602.0,97.972972972973,90.531561461794
292,Burkholderia cepacia,UP000036338,292,Non-redundant,3.0,2.0,100.0,50.0
294,Pseudomonas fluorescens,UP000022611,1042209,Representative,7.0,16.0,100.0,6.25
298,Pseudomonas marginalis,UP000055023,1198317,Non-redundant,1.0,1.0,100.0,0.0
300,Pseudomonas mendocina,UP000254260,300,Non-redundant,2.0,3.0,100.0,33.3333333333333
303,Pseudomonas putida,UP000000556,160488,Representative,18.0,13.0,77.7777777777778,38.4615384615385
306,Pseudomonas sp.,UP000315499,306,Representative,1.0,1.0,0.0,0.0
312,Pseudomonas sp. RS-16,,312,All-proteins,1.0,1.0,100.0,100.0
316,Stutzerimonas stutzeri,UP000000233,379731,Representative,5.0,4.0,100.0,25.0
329,Ralstonia pickettii,UP000013280,1264675,Non-redundant,1.0,1.0,100.0,0.0
346,Xanthomonas citri,UP000000576,190486,Non-redundant,1.0,1.0,100.0,100.0
354,Azotobacter vinelandii,UP000002424,322710,Non-redundant,4.0,5.0,100.0,100.0
358,Agrobacterium tumefaciens,UP000001600,311403,Non-redundant,2.0,2.0,100.0,0.0
382,Sinorhizobium meliloti,UP000001976,266834,Representative,5.0,4.0,100.0,75.0
384,Rhizobium leguminosarum,UP000002256,395491,Non-redundant,1.0,1.0,100.0,100.0
446,Legionella pneumophila,UP000000609,272624,Representative,2.0,15.0,100.0,86.6666666666667
450,Legionella longbeachae,UP000001060,661367,Non-redundant,1.0,1.0,100.0,100.0
470,Acinetobacter baumannii,UP000072389,470,Non-redundant,8.0,177.0,87.5,97.7401129943503
480,Moraxella catarrhalis,UP000280228,480,Non-redundant,11.0,51.0,100.0,94.1176470588235
485,Neisseria gonorrhoeae,UP000000535,242231,Reference,29.0,234.0,100.0,88.8888888888889
487,Neisseria meningitidis,UP000000425,122586,Representative,59.0,193.0,100.0,63.2124352331606
502,Kingella denitrificans,UP000004088,888741,Representative,1.0,1.0,100.0,100.0
511,Alcaligenes faecalis,UP000245216,511,Non-redundant,2.0,2.0,100.0,50.0
520,Bordetella pertussis,UP000002676,257313,Representative,3362.0,25924.0,99.3753718024985,97.7588335133467
524,Acidiphilium cryptum,UP000000245,349163,Representative,1.0,1.0,100.0,100.0
539,Eikenella corrodens,UP000018554,1073362,Representative,16.0,16.0,93.75,62.5
548,Klebsiella aerogenes,UP000008881,1028307,Non-redundant,2.0,1.0,100.0,0.0
550,Enterobacter cloacae,UP000607214,550,Non-redundant,4.0,15.0,100.0,66.6666666666667
554,Pectobacterium carotovorum,UP000031378,555,Non-redundant,2.0,3.0,100.0,100.0
556,Dickeya chrysanthemi,UP000002735,561229,Other,2.0,1.0,100.0,100.0
562,Escherichia coli,UP000000625,83333,Representative,614.0,2061.0,86.8078175895766,24.4541484716157
573,Klebsiella pneumoniae,UP000007841,1125630,Representative,32.0,411.0,93.75,94.1605839416058
584,Proteus mirabilis,UP000008319,529507,Non-redundant,5.0,5.0,100.0,80.0
615,Serratia marcescens,UP000037482,615,Non-redundant,6.0,3.0,100.0,100.0
621,Shigella boydii,UP000001030,344609,Reference,24.0,26.0,100.0,84.6153846153846
622,Shigella dysenteriae,UP000002716,300267,Reference,10.0,13.0,100.0,92.3076923076923
623,Shigella flexneri,UP000001006,623,Reference,42.0,750.0,97.6190476190476,99.0666666666667
624,Shigella sonnei,UP000002529,300269,Reference,12.0,20.0,100.0,95.0
630,Yersinia enterocolitica,UP000000642,393305,Non-redundant,48.0,68.0,97.9166666666667,85.2941176470588
632,Yersinia pestis,UP000000815,632,Representative,436.0,657.0,98.6238532110092,97.5646879756469
633,Yersinia pseudotuberculosis,UP000001011,273123,Non-redundant,15.0,14.0,100.0,100.0
634,Yersinia bercovieri,UP000229378,634,Non-redundant,4.0,5.0,100.0,100.0
636,Edwardsiella tarda,UP000002230,718251,Non-redundant,1.0,1.0,100.0,100.0
644,Aeromonas hydrophila,UP000000756,380703,Representative,3.0,11.0,100.0,27.2727272727273
645,Aeromonas salmonicida,UP000000225,382245,Non-redundant,2.0,127.0,100.0,96.8503937007874
659,Photobacterium phosphoreum,UP000240683,659,Non-redundant,1.0,1.0,100.0,100.0
661,Photobacterium angustum,UP000001603,314292,Non-redundant,1.0,1.0,100.0,100.0
663,Vibrio alginolyticus,UP000565155,663,Non-redundant,5.0,5.0,100.0,100.0
666,Vibrio cholerae,UP000000584,243277,Representative,235.0,444.0,98.7234042553192,83.7837837837838
670,Vibrio parahaemolyticus,UP000002493,223926,Representative,173.0,113.0,100.0,100.0
671,Vibrio proteolyticus,UP000016570,1219065,Other,1.0,1.0,100.0,100.0
672,Vibrio vulnificus,UP000002275,216895,Non-redundant,241.0,159.0,99.1701244813278,86.7924528301887
674,Vibrio mimicus,UP000004827,671074,Non-redundant,2.0,2.0,100.0,100.0
703,Plesiomonas shigelloides,UP000014012,1315976,Representative,2.0,2.0,50.0,0.0
714,Aggregatibacter actinomycetemcomitans,UP000323961,714,Non-redundant,10.0,7.0,100.0,57.1428571428571
715,Actinobacillus pleuropneumoniae,UP000001432,416269,Representative,2.0,4.0,100.0,50.0
727,Haemophilus influenzae,UP000000579,71421,Representative,112.0,143.0,98.2142857142857,83.9160839160839
730,[Haemophilus] ducreyi,UP000001022,233412,Representative,2.0,1.0,100.0,100.0
731,Histophilus somni,,731,All-proteins,2.0,2.0,100.0,100.0
738,Glaesserella parasuis,UP000006743,557723,Representative,5.0,4.0,100.0,100.0
747,Pasteurella multocida,UP000000809,272843,Representative,19.0,12.0,100.0,83.3333333333333
769,Anaplasma centrale,UP000000630,574556,Other,3.0,4.0,100.0,100.0
770,Anaplasma marginale,UP000007307,320483,Representative,29.0,218.0,100.0,66.9724770642202
774,Bartonella bacilliformis,UP000000643,360095,Representative,3.0,36.0,100.0,77.7777777777778
777,Coxiella burnetii,UP000002671,227377,Representative,377.0,550.0,97.0822281167109,95.6363636363636
779,Ehrlichia ruminantium,UP000001021,254945,Non-redundant,13.0,42.0,100.0,97.6190476190476
781,Rickettsia conorii,UP000000816,272944,Non-redundant,16.0,20.0,100.0,95.0
782,Rickettsia prowazekii,UP000002480,272947,Representative,37.0,27.0,100.0,100.0
783,Rickettsia rickettsii,UP000006832,392021,Non-redundant,10.0,95.0,100.0,100.0
784,Orientia tsutsugamushi,UP000001565,357244,Representative,8.0,167.0,87.5,91.0179640718563
785,Rickettsia typhi,UP000000604,257363,Non-redundant,12.0,10.0,100.0,100.0
786,Rickettsia akari,UP000006830,293614,Other,1.0,1.0,100.0,100.0
787,Rickettsia australis,UP000007589,1105110,Other,1.0,1.0,100.0,100.0
788,Rickettsia canadensis,UP000007056,293613,Non-redundant,2.0,1.0,100.0,100.0
813,Chlamydia trachomatis,UP000000431,272561,Representative,212.0,856.0,97.1698113207547,76.5186915887851
817,Bacteroides fragilis,UP000006731,272559,Representative,9.0,123.0,88.8888888888889,96.7479674796748
818,Bacteroides thetaiotaomicron,UP000001414,226186,Representative,2.0,2.0,100.0,50.0
820,Bacteroides uniformis,UP000014212,1235787,Representative,1.0,1.0,100.0,0.0
821,Phocaeicola vulgatus,UP000002861,435590,Representative,16.0,20.0,100.0,55.0
823,Parabacteroides distasonis,UP000000566,435591,Representative,1.0,1.0,100.0,0.0
837,Porphyromonas gingivalis,UP000000588,242619,Representative,32.0,461.0,100.0,50.9761388286334
851,Fusobacterium nucleatum,UP000002521,190304,Representative,27.0,141.0,77.7777777777778,2.83687943262411
853,Faecalibacterium prausnitzii,UP000095722,853,Representative,3.0,3.0,100.0,66.6666666666667
891,Desulfuromonas acetoxidans,UP000005695,281689,Representative,1.0,1.0,100.0,100.0
920,Acidithiobacillus ferrooxidans,UP000001362,243159,Representative,1.0,1.0,100.0,100.0
944,Ehrlichia canis,UP000000435,269484,Non-redundant,4.0,25.0,100.0,100.0
945,Ehrlichia chaffeensis,UP000008320,205920,Representative,6.0,44.0,100.0,100.0
947,Ehrlichia ewingii,,947,All-proteins,1.0,1.0,100.0,100.0
948,Anaplasma phagocytophilum,UP000055047,948,Representative,17.0,76.0,100.0,13.1578947368421
955,Wolbachia pipientis,UP000175679,955,Representative,1.0,1.0,100.0,0.0
985,Cytophaga hutchinsonii,UP000001822,269798,Representative,2.0,2.0,100.0,100.0
1006,Marivirga tractuosa,UP000008720,643867,Representative,2.0,2.0,100.0,100.0
1019,Capnocytophaga sputigena,UP000217301,1019,Non-redundant,1.0,1.0,100.0,100.0
1022,Beggiatoa alba,UP000005744,395493,Representative,1.0,1.0,100.0,100.0
1027,Microscilla marina,UP000004095,313606,Representative,1.0,1.0,100.0,100.0
1063,Cereibacter sphaeroides,UP000002703,272943,Representative,2.0,3.0,100.0,66.6666666666667
1076,Rhodopseudomonas palustris,UP000001426,258594,Representative,2.0,3.0,100.0,33.3333333333333
1102,Prosthecochloris aestuarii,UP000002725,290512,Representative,1.0,1.0,100.0,100.0
1108,Chloroflexus aurantiacus,UP000002008,324602,Representative,1.0,1.0,100.0,100.0
1206,Trichodesmium erythraeum,,1206,All-proteins,3.0,3.0,100.0,100.0
1254,Pediococcus acidilactici,UP000004470,862514,Representative,1.0,1.0,0.0,0.0
1260,Finegoldia magna,UP000001319,334413,Representative,1.0,2.0,100.0,0.0
1270,Micrococcus luteus,UP000000738,465515,Representative,2.0,1.0,100.0,100.0
1280,Staphylococcus aureus,UP000008816,93061,Representative,130.0,1114.0,99.2307692307692,71.903052064632
1282,Staphylococcus epidermidis,UP000000531,176279,Reference,2.0,2.0,100.0,100.0
1292,Staphylococcus warneri,UP000039018,1292,Non-redundant,1.0,1.0,100.0,100.0
1299,Deinococcus radiodurans,UP000002524,243230,Representative,2.0,5.0,100.0,100.0
1302,Streptococcus gordonii,UP000001131,467705,Representative,5.0,5.0,100.0,80.0
1303,Streptococcus oralis,UP000071369,1303,Non-redundant,2.0,13.0,100.0,61.5384615384615
1307,Streptococcus suis,UP000009077,568814,Representative,4.0,12.0,100.0,100.0
1309,Streptococcus mutans,UP000002512,210007,Representative,10.0,382.0,100.0,87.1727748691099
1310,Streptococcus sobrinus,UP000016617,1227275,Non-redundant,4.0,8.0,75.0,50.0
1311,Streptococcus agalactiae,UP000000821,208435,Representative,12.0,19.0,100.0,84.2105263157895
1313,Streptococcus pneumoniae,UP000000586,171101,Representative,66.0,635.0,100.0,44.7244094488189
1314,Streptococcus pyogenes,UP000000750,301447,Representative,203.0,7498.0,98.0295566502463,87.6233662309949
1317,Streptococcus downei,UP000254082,764290,Representative,1.0,2.0,100.0,100.0
1320,Streptococcus sp. group G,,1320,All-proteins,4.0,70.0,100.0,98.5714285714286
1334,Streptococcus dysgalactiae,UP000503331,119602,Non-redundant,8.0,53.0,100.0,84.9056603773585
1336,Streptococcus equi,UP000001365,553482,Non-redundant,3.0,37.0,100.0,75.6756756756757
1338,Streptococcus intermedius,UP000016233,862967,Representative,1.0,1.0,100.0,100.0
1349,Streptococcus uberis,UP000000449,218495,Representative,3.0,10.0,100.0,80.0
1351,Enterococcus faecalis,UP000001415,226185,Representative,1.0,1.0,100.0,100.0
1352,Enterococcus faecium,UP000003429,749522,Non-redundant,4.0,7.0,75.0,42.8571428571429
1359,Lactococcus cremoris,UP000015854,1234876,Representative,1.0,1.0,100.0,100.0
1390,Bacillus amyloliquefaciens,UP000276875,1390,Non-redundant,1.0,122.0,100.0,99.1803278688525
1392,Bacillus anthracis,UP000000594,1392,Reference,202.0,1963.0,100.0,97.7075904228222
1396,Bacillus cereus,UP000001417,226900,Representative,93.0,99.0,94.6236559139785,63.6363636363636
1402,Bacillus licheniformis,UP000000606,279010,Representative,12.0,251.0,100.0,89.2430278884462
1404,Priestia megaterium,UP000000935,545693,Representative,9.0,7.0,100.0,42.8571428571429
1405,Bacillus mycoides,UP000001909,1405,Non-redundant,5.0,5.0,100.0,100.0
1408,Bacillus pumilus,UP000001355,315750,Non-redundant,1.0,1.0,100.0,100.0
1422,Geobacillus stearothermophilus,UP000075424,1422,Non-redundant,4.0,3.0,100.0,33.3333333333333
1423,Bacillus subtilis,UP000001570,224308,Representative,9.0,5.0,100.0,80.0
1428,Bacillus thuringiensis,UP000000761,412694,Non-redundant,29.0,35.0,79.3103448275862,54.2857142857143
1454,Schinkia azotoformans,UP000006315,1131731,Representative,1.0,1.0,100.0,100.0
1467,Lederbergia lenta,UP000249134,1467,Representative,1.0,86.0,0.0,0.0
1488,Clostridium acetobutylicum,UP000000814,272562,Representative,1.0,1.0,100.0,100.0
1491,Clostridium botulinum,UP000001986,441771,Representative,52.0,311.0,100.0,46.6237942122187
1492,Clostridium butyricum,UP000003081,632245,Representative,2.0,3.0,100.0,33.3333333333333
1496,Clostridioides difficile,UP000001978,272563,Representative,19.0,446.0,94.7368421052632,86.9955156950673
1502,Clostridium perfringens,UP000000818,195102,Representative,13.0,177.0,84.6153846153846,11.864406779661
1513,Clostridium tetani,UP000001412,212717,Representative,12.0,1326.0,100.0,100.0
1515,Acetivibrio thermocellus,UP000002145,203119,Representative,1.0,1.0,100.0,100.0
1520,Clostridium beijerinckii,UP000000565,290402,Non-redundant,2.0,1.0,100.0,100.0
1525,Moorella thermoacetica,UP000182811,1525,Representative,1.0,1.0,100.0,0.0
1531,Enterocloster clostridioformis,UP000013180,999406,Non-redundant,2.0,2.0,100.0,100.0
1542,Clostridium novyi,UP000008220,386415,Representative,2.0,2.0,100.0,100.0
1584,Lactobacillus delbrueckii,UP000001259,390333,Representative,1.0,1.0,100.0,100.0
1590,Lactiplantibacillus plantarum,UP000000432,220668,Representative,7.0,8.0,100.0,87.5
1599,Latilactobacillus sakei,UP000002707,314315,Representative,2.0,1.0,50.0,100.0
1604,Lactobacillus amylovorus,UP000007033,695560,Non-redundant,1.0,1.0,100.0,100.0
1605,Ligilactobacillus animalis,UP000051154,930942,Non-redundant,6.0,8.0,100.0,75.0
1613,Limosilactobacillus fermentum,UP000094714,1613,Representative,1.0,1.0,100.0,100.0
1638,Listeria ivanovii,UP000001286,881621,Non-redundant,4.0,2.0,100.0,100.0
1639,Listeria monocytogenes,UP000000817,169963,Representative,222.0,717.0,99.0990990990991,95.536959553696
1640,Listeria seeligeri,UP000004302,702453,Non-redundant,2.0,1.0,100.0,100.0
1641,Listeria grayi,UP000010119,525367,Representative,1.0,1.0,100.0,100.0
1642,Listeria innocua,UP000002513,272626,Non-redundant,2.0,10.0,100.0,100.0
1643,Listeria welshimeri,UP000000779,386043,Non-redundant,3.0,3.0,100.0,100.0
1660,Schaalia odontolytica,UP000003553,411466,Non-redundant,7.0,8.0,100.0,62.5
1661,Trueperella pyogenes,UP000254485,1661,Non-redundant,2.0,7.0,100.0,57.1428571428571
1664,Arthrobacter glacialis,UP000237061,1664,Representative,1.0,1.0,100.0,100.0
1685,Bifidobacterium breve,UP000019336,1385940,Non-redundant,1.0,1.0,100.0,100.0
1717,Corynebacterium diphtheriae,UP000002198,257309,Representative,33.0,247.0,100.0,99.5951417004048
1718,Corynebacterium glutamicum,UP000000582,196627,Representative,47.0,29.0,100.0,96.5517241379311
1719,Corynebacterium pseudotuberculosis,UP000000276,681645,Representative,3.0,6.0,100.0,100.0
1744,Propionibacterium freudenreichii,UP000000936,754252,Representative,2.0,1.0,100.0,100.0
1747,Cutibacterium acnes,UP000019083,1302244,Representative,5.0,8.0,100.0,75.0
1764,Mycobacterium avium,UP000000580,262316,Representative,655.0,1059.0,99.5419847328245,93.3899905571294
1767,Mycobacterium intracellulare,UP000020825,1299331,Non-redundant,2.0,2.0,100.0,100.0
1768,Mycobacterium kansasii,UP000516380,1768,Representative,3.0,18.0,100.0,72.2222222222222
1769,Mycobacterium leprae,UP000000806,272631,Representative,68.0,676.0,100.0,97.189349112426
1772,Mycolicibacterium smegmatis,UP000000757,246196,Representative,453.0,899.0,100.0,100.0
1773,Mycobacterium tuberculosis,UP000001584,83332,Representative,8841.0,27446.0,99.8190249971723,91.0770239743496
1778,Mycobacterium gordonae,UP000051677,1778,Non-redundant,1.0,1.0,100.0,100.0
1781,Mycobacterium marinum,UP000001190,216594,Representative,247.0,411.0,100.0,100.0
1783,Mycobacterium scrofulaceum,UP000192601,1783,Non-redundant,1.0,38.0,100.0,100.0
1795,Mycolicibacterium neoaurum,UP000018763,700508,Representative,1.0,1.0,100.0,100.0
1804,Mycolicibacterium gilvum,UP000008916,278137,Other,843.0,848.0,100.0,94.5754716981132
1809,Mycobacterium ulcerans,UP000020681,1299332,Representative,154.0,271.0,100.0,78.5977859778598
1828,Rhodococcus fascians,UP000076038,1828,Representative,2.0,2.0,100.0,50.0
1833,Rhodococcus erythropolis,UP000502345,1833,Non-redundant,3.0,3.0,100.0,100.0
1836,Saccharopolyspora erythraea,UP000006728,405948,Representative,3.0,4.0,100.0,75.0
1895,Streptomyces avidinii,UP000248671,1895,Other,1.0,1.0,100.0,0.0
1902,Streptomyces coelicolor,UP000001973,100226,Representative,4.0,4.0,100.0,100.0
1916,Streptomyces lividans,UP000002769,457428,Non-redundant,1.0,7.0,100.0,100.0
1946,Streptomyces kasugaensis,UP000292452,1946,Representative,1.0,1.0,100.0,100.0
2021,Thermobifida fusca,,2021,All-proteins,1.0,1.0,100.0,100.0
2066,Kitasatospora setae,UP000007076,452652,Representative,1.0,1.0,100.0,100.0
2097,Mycoplasmoides genitalium,UP000000807,243273,Representative,3.0,9.0,100.0,100.0
2099,Mesomycoplasma hyopneumoniae,UP000006822,295358,Non-redundant,40.0,319.0,100.0,98.7460815047022
2100,Mesomycoplasma hyorhinis,UP000009399,1118964,Representative,1.0,1.0,100.0,100.0
2104,Mycoplasmoides pneumoniae,UP000000808,272634,Reference,10.0,48.0,100.0,93.75
2110,Mycoplasmopsis agalactiae,UP000007065,347257,Representative,1.0,3.0,100.0,100.0
2111,Metamycoplasma arthritidis,UP000008812,243272,Representative,1.0,3.0,100.0,100.0
2133,Spiroplasma citri,UP000183717,2133,Non-redundant,1.0,1.0,100.0,100.0
2173,Methanobrevibacter smithii,UP000003489,483214,Other,2.0,1.0,100.0,100.0
2190,Methanocaldococcus jannaschii,UP000000805,243232,Representative,4.0,5.0,100.0,100.0
2234,Archaeoglobus fulgidus,UP000002199,224325,Representative,1.0,2.0,100.0,50.0
2238,Haloarcula marismortui,UP000001169,272569,Representative,1.0,1.0,100.0,100.0
2242,Halobacterium salinarum,UP000000554,64091,Representative,1.0,1.0,100.0,0.0
2261,Pyrococcus furiosus,UP000001013,186497,Representative,2.0,1.0,100.0,100.0
2277,Pyrobaculum islandicum,UP000002595,384616,Other,1.0,1.0,100.0,100.0
2287,Saccharolobus solfataricus,UP000001974,273057,Representative,1.0,1.0,100.0,100.0
2336,Thermotoga maritima,UP000008183,243274,Representative,1.0,1.0,100.0,100.0
2439,Plasmid ColB2,,2439,All-proteins,1.0,1.0,0.0,0.0
2465,Plasmid F,,2465,All-proteins,1.0,1.0,0.0,0.0
2702,Gardnerella vaginalis,UP000033124,698954,Representative,9.0,9.0,100.0,11.1111111111111
2736,Verrucomicrobium spinosum,,2736,All-proteins,1.0,1.0,100.0,0.0
2903,Emiliania huxleyi,UP000013827,2903,Representative,1.0,1.0,100.0,100.0
3055,Chlamydomonas reinhardtii,UP000006906,3055,Representative,2.0,1.0,100.0,100.0
3067,Volvox carteri,UP000001058,3068,Representative,1.0,1.0,100.0,100.0
3346,Pinus pinea,,3346,All-proteins,1.0,56.0,100.0,100.0
3352,Pinus taeda,,3352,All-proteins,3.0,4.0,100.0,100.0
3369,Cryptomeria japonica,,3369,All-proteins,12.0,688.0,100.0,96.656976744186
3505,Betula pendula,,3505,All-proteins,21.0,498.0,100.0,97.7911646586345
3513,Quercus alba,,3513,All-proteins,2.0,5.0,100.0,100.0
3517,Alnus glutinosa,,3517,All-proteins,3.0,74.0,100.0,100.0
3559,Chenopodium album,,3559,All-proteins,2.0,3.0,100.0,100.0
3562,Spinacia oleracea,UP000054095,3562,Other,2.0,4.0,100.0,100.0
3567,Amaranthus caudatus,,3567,All-proteins,1.0,1.0,100.0,100.0
3617,Fagopyrum esculentum,,3617,All-proteins,5.0,206.0,100.0,100.0
3625,Actinidia chinensis,UP000241394,1590841,Representative,1.0,1.0,100.0,100.0
3645,Bertholletia excelsa,,3645,All-proteins,2.0,47.0,100.0,93.6170212765958
3656,Cucumis melo,UP000089565,3656,Representative,2.0,28.0,100.0,10.7142857142857
3677,Trichosanthes kirilowii,,3677,All-proteins,2.0,6.0,100.0,66.6666666666667
3702,Arabidopsis thaliana,UP000006548,3702,Representative,28.0,29.0,100.0,96.5517241379311
3707,Brassica juncea,,3707,All-proteins,2.0,56.0,100.0,100.0
3708,Brassica napus,UP000028999,3708,Reference,1.0,2.0,100.0,100.0
3711,Brassica rapa,UP000011750,3711,Other,2.0,1.0,100.0,100.0
3728,Sinapis alba,,3728,All-proteins,1.0,1.0,100.0,100.0
3750,Malus domestica,UP000290289,3750,Representative,7.0,88.0,100.0,48.8636363636364
3755,Prunus dulcis,UP000327085,3755,Representative,3.0,131.0,100.0,73.2824427480916
3758,Prunus domestica,,3758,All-proteins,1.0,4.0,100.0,100.0
3760,Prunus persica,UP000006882,3760,Representative,4.0,95.0,100.0,86.3157894736842
3816,Abrus precatorius,UP000694853,3816,Representative,11.0,128.0,100.0,97.65625
3818,Arachis hypogaea,UP000289738,3818,Representative,51.0,2352.0,100.0,88.6904761904762
3847,Glycine max,UP000008827,3847,Representative,171.0,1596.0,100.0,96.6165413533834
3864,Lens culinaris,,3864,All-proteins,2.0,30.0,100.0,100.0
3885,Phaseolus vulgaris,UP000000226,3885,Representative,4.0,17.0,75.0,76.4705882352941
3888,Pisum sativum,UP001058974,3888,Other,1.0,1.0,100.0,0.0
3972,Viscum album,,3972,All-proteins,3.0,74.0,100.0,91.8918918918919
3981,Hevea brasiliensis,UP000467840,3981,Representative,11.0,674.0,100.0,82.9376854599407
3988,Ricinus communis,UP000008311,3988,Representative,9.0,147.0,100.0,90.4761904761905
4039,Daucus carota,UP000077755,79200,Representative,4.0,52.0,100.0,92.3076923076923
4045,Apium graveolens,UP000593563,4045,Representative,3.0,52.0,66.6666666666667,0.0
4081,Solanum lycopersicum,UP000004994,4081,Representative,4.0,5.0,100.0,100.0
4097,Nicotiana tabacum,UP000084051,4097,Representative,7.0,8.0,100.0,100.0
4113,Solanum tuberosum,UP000011115,4113,Representative,1.0,1.0,100.0,100.0
4146,Olea europaea,UP000594638,158383,Representative,10.0,154.0,100.0,91.5584415584416
4182,Sesamum indicum,UP000504604,4182,Representative,2.0,19.0,100.0,100.0
4212,Ambrosia artemisiifolia,,4212,All-proteins,23.0,439.0,100.0,99.7722095671982
4214,Ambrosia trifida,,4214,All-proteins,2.0,14.0,100.0,100.0
4220,Artemisia vulgaris,,4220,All-proteins,7.0,210.0,100.0,99.5238095238095
4232,Helianthus annuus,UP000215914,4232,Representative,2.0,23.0,100.0,86.9565217391304
4498,Avena sativa,,4498,All-proteins,13.0,14.0,100.0,71.4285714285714
4509,Dactylis glomerata,,4509,All-proteins,8.0,23.0,100.0,100.0
4513,Hordeum vulgare,UP000011116,112509,Representative,36.0,63.0,86.1111111111111,17.4603174603175
4522,Lolium perenne,,4522,All-proteins,12.0,391.0,100.0,91.304347826087
4530,Oryza sativa,UP000059680,39947,Representative,15.0,17.0,100.0,94.1176470588235
4545,Poa pratensis,,4545,All-proteins,5.0,115.0,100.0,100.0
4550,Secale cereale,,4550,All-proteins,19.0,112.0,100.0,98.2142857142857
4558,Sorghum bicolor,UP000000768,4558,Representative,2.0,1.0,100.0,100.0
4565,Triticum aestivum,UP000019116,4565,Representative,1206.0,11324.0,99.2537313432836,26.05086541858
4568,Triticum monococcum,,4568,All-proteins,2.0,2.0,100.0,100.0
4573,Aegilops speltoides,,4573,All-proteins,4.0,4.0,100.0,100.0
4577,Zea mays,UP000007305,4577,Representative,11.0,8.0,100.0,100.0
4606,Lolium arundinaceum,,4606,All-proteins,1.0,1.0,100.0,100.0
4641,Musa acuminata,UP000012960,214687,Representative,3.0,107.0,100.0,100.0
4754,Pneumocystis carinii,UP000054454,1408658,Other,2.0,3.0,100.0,33.3333333333333
4784,Phytophthora capsici,,4784,All-proteins,1.0,1.0,100.0,0.0
4932,Saccharomyces cerevisiae,UP000002311,559292,Representative,41.0,59.0,97.5609756097561,89.8305084745763
4954,Zygosaccharomyces bailii,UP000019375,1333698,Non-redundant,1.0,1.0,100.0,0.0
5037,Histoplasma capsulatum,UP000008142,544711,Representative,26.0,82.0,96.1538461538462,41.4634146341463
5039,Blastomyces dermatitidis,UP000002039,559297,Other,4.0,19.0,100.0,94.7368421052632
5060,Aspergillus giganteus,,5060,All-proteins,1.0,47.0,100.0,100.0
5061,Aspergillus niger,UP000006706,425011,Representative,1.0,3.0,100.0,0.0
5064,Aspergillus restrictus,,5064,All-proteins,1.0,1.0,100.0,100.0
5067,Aspergillus parasiticus,UP000326532,5067,Representative,1.0,1.0,100.0,100.0
5076,Penicillium chrysogenum,UP000076449,5076,Other,4.0,126.0,100.0,65.0793650793651
5077,Penicillium citrinum,,5077,All-proteins,1.0,26.0,100.0,100.0
5116,Cryphonectria parasitica,,5116,All-proteins,1.0,1.0,0.0,0.0
5141,Neurospora crassa,UP000001805,367110,Representative,4.0,9.0,100.0,100.0
5207,Cryptococcus neoformans,UP000002149,214684,Representative,10.0,68.0,100.0,57.3529411764706
5270,Ustilago maydis,UP000000561,237631,Representative,2.0,2.0,100.0,100.0
5476,Candida albicans,UP000000559,237561,Representative,18.0,214.0,100.0,88.3177570093458
5482,Candida tropicalis,UP000002037,294747,Representative,1.0,2.0,100.0,0.0
5501,Coccidioides immitis,UP000001261,246410,Representative,1.0,1.0,100.0,100.0
5503,Curvularia lunata,,5503,All-proteins,2.0,20.0,100.0,100.0
5507,Fusarium oxysporum,UP000219602,327505,Representative,2.0,4.0,100.0,25.0
5551,Trichophyton rubrum,UP000008864,559305,Representative,2.0,28.0,100.0,100.0
5580,Aureobasidium pullulans,UP000030706,1043002,Representative,1.0,1.0,100.0,0.0
5599,Alternaria alternata,UP000077248,5599,Representative,18.0,103.0,100.0,79.6116504854369
5659,Leishmania amazonensis,,5659,All-proteins,3.0,6.0,100.0,100.0
5660,Leishmania braziliensis,UP000007258,5660,Reference,33.0,57.0,100.0,96.4912280701754
5661,Leishmania donovani,UP000601710,5661,Other,43.0,208.0,100.0,90.8653846153846
5664,Leishmania major,UP000000542,5664,Representative,85.0,372.0,98.8235294117647,91.1290322580645
5665,Leishmania mexicana,UP000007259,929439,Other,6.0,6.0,100.0,83.3333333333333
5667,Leishmania aethiopica,,5667,All-proteins,2.0,26.0,100.0,100.0
5671,Leishmania infantum,UP000008153,5671,Reference,59.0,299.0,100.0,70.2341137123746
5679,Leishmania panamensis,UP000063063,5679,Other,7.0,18.0,100.0,94.4444444444444
5682,Leishmania pifanoi,,5682,All-proteins,1.0,21.0,100.0,100.0
5691,Trypanosoma brucei,UP000008524,185431,Representative,16.0,96.0,100.0,7.29166666666667
5693,Trypanosoma cruzi,UP000002296,353153,Representative,775.0,174647.0,99.741935483871,99.1554392574737
5699,Trypanosoma vivax,UP000009027,1055687,Representative,1.0,1.0,100.0,100.0
5722,Trichomonas vaginalis,UP000001542,412133,Reference,6.0,79.0,100.0,98.7341772151899
5741,Giardia intestinalis,UP000001548,184922,Representative,416.0,294.0,98.7980769230769,96.2585034013605
5755,Acanthamoeba castellanii,UP000011083,1257118,Representative,4.0,17.0,75.0,82.3529411764706
5759,Entamoeba histolytica,UP000001926,294381,Representative,144.0,205.0,100.0,96.0975609756098
5802,Eimeria tenella,UP000243681,5802,Other,3.0,8.0,66.6666666666667,0.0
5807,Cryptosporidium parvum,UP000006726,353152,Representative,137.0,117.0,99.2700729927007,96.5811965811966
5811,Toxoplasma gondii,UP000002226,432359,Representative,288.0,758.0,99.6527777777778,81.3984168865435
5821,Plasmodium berghei,UP000074855,5823,Representative,430.0,777.0,96.046511627907,89.5752895752896
5824,Plasmodium brasilianum,,5824,All-proteins,1.0,2.0,100.0,50.0
5825,Plasmodium chabaudi,UP000071118,31271,Other,4.0,9.0,100.0,66.6666666666667
5827,Plasmodium cynomolgi,UP000006319,1120755,Representative,3.0,3.0,100.0,66.6666666666667
5833,Plasmodium falciparum,UP000001450,36329,Representative,2149.0,9462.0,99.9069334574221,85.1511308391461
5850,Plasmodium knowlesi,UP000031513,5851,Representative,10.0,97.0,100.0,97.9381443298969
5855,Plasmodium vivax,UP000008333,126793,Representative,80.0,1537.0,100.0,58.0351333767079
5857,Plasmodium fragile,UP000054561,5857,Other,1.0,8.0,100.0,100.0
5858,Plasmodium malariae,UP000219813,5858,Representative,2.0,1.0,100.0,100.0
5861,Plasmodium yoelii,UP000008553,73239,Representative,53.0,242.0,98.1132075471698,90.0826446280992
5865,Babesia bovis,UP000002173,5865,Representative,11.0,43.0,100.0,27.906976744186
5866,Babesia bigemina,UP000033188,5866,Representative,4.0,7.0,100.0,57.1428571428571
5868,Babesia microti,UP000002899,1133968,Representative,4.0,16.0,100.0,87.5
5872,Theileria equi,UP000031512,1537102,Representative,2.0,126.0,100.0,90.4761904761905
5874,Theileria annulata,UP000001950,5874,Representative,4.0,5.0,100.0,100.0
5875,Theileria parva,UP000001949,5875,Representative,303.0,398.0,96.039603960396,87.9396984924623
5877,Theileria sergenti,,5877,All-proteins,5.0,1.0,100.0,100.0
6035,Encephalitozoon cuniculi,UP000000819,284813,Representative,35.0,34.0,100.0,94.1176470588235
6100,Aequorea victoria,,6100,All-proteins,1.0,10.0,100.0,100.0
6182,Schistosoma japonicum,UP000311919,6182,Representative,84.0,961.0,95.2380952380952,68.366285119667
6183,Schistosoma mansoni,UP000008854,6183,Representative,129.0,8180.0,100.0,97.7017114914425
6184,Schistosoma bovis,UP000290809,6184,Representative,1.0,2.0,100.0,50.0
6185,Schistosoma haematobium,UP000471633,6185,Representative,6.0,4.0,83.3333333333333,50.0
6192,Fasciola hepatica,UP000230066,6192,Representative,26.0,565.0,100.0,48.141592920354
6198,Opisthorchis viverrini,UP000054324,6198,Representative,1.0,4.0,100.0,0.0
6203,Taenia ovis,,6203,All-proteins,1.0,8.0,100.0,100.0
6204,Taenia solium,,6204,All-proteins,10.0,36.0,100.0,100.0
6206,Taenia saginata,,6206,All-proteins,8.0,13.0,100.0,100.0
6207,Taenia crassiceps,,6207,All-proteins,2.0,6.0,100.0,83.3333333333333
6210,Echinococcus granulosus,UP000019149,6210,Representative,14.0,98.0,100.0,87.7551020408163
6211,Echinococcus multilocularis,,6211,All-proteins,5.0,38.0,100.0,100.0
6238,Caenorhabditis briggsae,UP000008549,6238,Representative,2.0,2.0,100.0,100.0
6239,Caenorhabditis elegans,UP000001940,6239,Representative,13.0,11.0,100.0,100.0
6248,Strongyloides stercoralis,UP000035681,6248,Representative,1.0,1.0,100.0,0.0
6252,Ascaris lumbricoides,UP000036681,6252,Other,4.0,5.0,100.0,100.0
6253,Ascaris suum,,6253,All-proteins,122.0,290.0,100.0,100.0
6269,Anisakis simplex,UP000267096,6269,Representative,6.0,122.0,100.0,81.1475409836066
6279,Brugia malayi,UP000006672,6279,Representative,8.0,9.0,100.0,88.8888888888889
6282,Onchocerca volvulus,UP000024404,6282,Representative,188.0,6555.0,100.0,98.7795575896262
6293,Wuchereria bancrofti,UP000270924,6293,Representative,4.0,15.0,100.0,46.6666666666667
6299,Litomosoides carinii,,6299,All-proteins,1.0,3.0,100.0,66.6666666666667
6313,Angiostrongylus cantonensis,UP000035642,6313,Representative,1.0,82.0,100.0,60.9756097560976
6334,Trichinella spiralis,UP000054776,6334,Representative,5.0,39.0,100.0,92.3076923076923
6339,Heligmosomoides polygyrus,UP000050761,6339,Other,1.0,2.0,100.0,100.0
6421,Hirudo medicinalis,,6421,All-proteins,2.0,3.0,100.0,100.0
6454,Haliotis rufescens,,6454,All-proteins,1.0,1.0,100.0,100.0
6491,Conus geographus,,6491,All-proteins,3.0,53.0,100.0,84.9056603773585
6492,Conus magus,,6492,All-proteins,1.0,10.0,100.0,100.0
6493,Conus striatus,,6493,All-proteins,1.0,15.0,100.0,100.0
6495,Conus tulipa,,6495,All-proteins,1.0,1.0,100.0,100.0
6661,Artemia franciscana,,6661,All-proteins,1.0,2.0,100.0,100.0
6687,Penaeus monodon,,6687,All-proteins,2.0,32.0,100.0,100.0
6689,Penaeus vannamei,UP000283509,6689,Representative,5.0,338.0,100.0,79.8816568047337
6690,Penaeus aztecus,,6690,All-proteins,2.0,100.0,100.0,100.0
6728,Procambarus clarkii,,6728,All-proteins,3.0,3.0,100.0,100.0
6761,Scylla serrata,,6761,All-proteins,1.0,13.0,100.0,100.0
6819,Euphausia superba,,6819,All-proteins,1.0,12.0,100.0,100.0
6850,Limulus polyphemus,,6850,All-proteins,2.0,1.0,100.0,100.0
6853,Tachypleus tridentatus,,6853,All-proteins,2.0,1.0,100.0,100.0
6858,Androctonus australis,,6858,All-proteins,6.0,78.0,100.0,96.1538461538462
6859,Androctonus mauritanicus,,6859,All-proteins,1.0,1.0,100.0,100.0
6878,Centruroides noxius,,6878,All-proteins,5.0,12.0,100.0,66.6666666666667
6887,Tityus serrulatus,,6887,All-proteins,7.0,103.0,100.0,100.0
6925,Latrodectus tredecimguttatus,,6925,All-proteins,1.0,1.0,100.0,100.0
6938,Ornithodoros moubata,,6938,All-proteins,1.0,51.0,100.0,100.0
6941,Rhipicephalus microplus,UP000821866,6941,Other,9.0,5.0,88.8888888888889,80.0
6945,Ixodes scapularis,UP000001555,6945,Representative,3.0,23.0,100.0,100.0
6954,Dermatophagoides farinae,UP000790347,6954,Representative,96.0,1246.0,100.0,88.6035313001605
6956,Dermatophagoides pteronyssinus,UP000515146,6956,Representative,104.0,1673.0,100.0,96.7722653915123
6958,Euroglyphus maynei,UP000194236,6958,Representative,2.0,40.0,100.0,90.0
6973,Blattella germanica,UP000245037,6973,Other,56.0,1688.0,100.0,67.2985781990521
6978,Periplaneta americana,,6978,All-proteins,14.0,117.0,100.0,100.0
7004,Locusta migratoria,,7004,All-proteins,2.0,1.0,100.0,100.0
7130,Manduca sexta,UP000791440,7130,Representative,1.0,3.0,100.0,100.0
7137,Galleria mellonella,UP000504614,7137,Representative,1.0,1.0,100.0,100.0
7154,Chironomus thummi,,7154,All-proteins,7.0,183.0,100.0,98.3606557377049
7160,Aedes albopictus,UP000249989,7160,Representative,1.0,24.0,100.0,83.3333333333333
7165,Anopheles gambiae,UP000007062,7165,Representative,5.0,14.0,100.0,100.0
7227,Drosophila melanogaster,UP000000803,7227,Representative,20.0,29.0,95.0,100.0
7234,Drosophila persimilis,UP000008744,7234,Representative,1.0,1.0,100.0,100.0
7237,Drosophila pseudoobscura,UP000001819,46245,Representative,1.0,1.0,100.0,0.0
7386,Sarcophaga peregrina,,7386,All-proteins,1.0,1.0,100.0,100.0
7394,Glossina morsitans,UP000092444,37546,Other,1.0,1.0,100.0,0.0
7441,Dolichovespula maculata,,7441,All-proteins,1.0,20.0,100.0,100.0
7444,Vespa basalis,,7444,All-proteins,1.0,1.0,100.0,100.0
7453,Vespula maculifrons,,7453,All-proteins,1.0,1.0,100.0,100.0
7454,Vespula vulgaris,UP000614350,7454,Representative,4.0,205.0,100.0,87.8048780487805
7460,Apis mellifera,UP000005203,7460,Representative,7.0,140.0,85.7142857142857,99.2857142857143
7515,Ctenocephalides felis,,7515,All-proteins,1.0,2.0,100.0,100.0
7719,Ciona intestinalis,UP000008144,7719,Representative,3.0,3.0,100.0,33.3333333333333
7741,Branchiostoma belcheri,UP000515135,7741,Representative,1.0,1.0,100.0,100.0
7787,Tetronarce californica,,7787,All-proteins,9.0,227.0,100.0,99.1189427312775
7788,Torpedo marmorata,,7788,All-proteins,2.0,6.0,100.0,100.0
7955,Danio rerio,UP000000437,7955,Representative,9.0,8.0,100.0,100.0
7957,Carassius auratus,UP000515129,7957,Representative,4.0,5.0,100.0,100.0
7959,Ctenopharyngodon idella,,7959,All-proteins,1.0,1.0,100.0,100.0
7962,Cyprinus carpio,UP001108240,630221,Representative,3.0,10.0,100.0,80.0
8005,Electrophorus electricus,UP000314983,8005,Representative,3.0,4.0,100.0,100.0
8018,Oncorhynchus keta,,8018,All-proteins,1.0,6.0,100.0,100.0
8022,Oncorhynchus mykiss,UP000193380,8022,Representative,4.0,1.0,100.0,100.0
8030,Salmo salar,UP000087266,8030,Representative,3.0,66.0,100.0,92.4242424242424
8049,Gadus morhua,UP000694546,8049,Representative,5.0,99.0,100.0,76.7676767676768
8090,Oryzias latipes,UP000001038,8090,Representative,3.0,2.0,100.0,100.0
8255,Paralichthys olivaceus,,8255,All-proteins,1.0,1.0,100.0,100.0
8355,Xenopus laevis,UP000186698,8355,Representative,13.0,9.0,100.0,88.8888888888889
8364,Xenopus tropicalis,UP000008143,8364,Representative,4.0,4.0,100.0,100.0
8554,Heloderma suspectum,,8554,All-proteins,1.0,1.0,100.0,100.0
8613,Bungarus fasciatus,,8613,All-proteins,1.0,1.0,100.0,100.0
8616,Bungarus multicinctus,,8616,All-proteins,8.0,27.0,100.0,66.6666666666667
8624,Dendroaspis polylepis,,8624,All-proteins,1.0,148.0,100.0,100.0
8654,Naja nigricollis,,8654,All-proteins,2.0,7.0,100.0,0.0
8655,Naja nivea,,8655,All-proteins,1.0,11.0,100.0,100.0
8656,Naja atra,,8656,All-proteins,19.0,62.0,100.0,85.4838709677419
8657,Naja oxiana,,8657,All-proteins,2.0,4.0,100.0,100.0
8658,Naja pallida,,8658,All-proteins,1.0,1.0,100.0,100.0
8663,Notechis scutatus,UP000504612,8663,Representative,2.0,2.0,100.0,0.0
8668,Oxyuranus scutellatus,,8668,All-proteins,3.0,4.0,100.0,100.0
8671,Pseudechis porphyriacus,,8671,All-proteins,2.0,3.0,100.0,100.0
8704,Vipera ammodytes,,8704,All-proteins,1.0,1.0,100.0,100.0
8722,Bothrops asper,,8722,All-proteins,1.0,66.0,100.0,100.0
8724,Bothrops jararaca,UP000681084,8724,Other,1.0,194.0,100.0,93.8144329896907
8725,Bothrops atrox,,8725,All-proteins,1.0,66.0,100.0,100.0
8726,Bothrops jararacussu,,8726,All-proteins,3.0,67.0,100.0,98.5074626865672
8731,Crotalus durissus,,8731,All-proteins,4.0,60.0,100.0,100.0
8752,Lachesis muta,,8752,All-proteins,1.0,127.0,100.0,100.0
8839,Anas platyrhynchos,UP000296049,8839,Representative,4.0,3.0,100.0,33.3333333333333
8845,Anser cygnoides,UP000694521,8845,Representative,1.0,2.0,100.0,100.0
8855,Cairina moschata,UP000694556,1240228,Representative,1.0,3.0,100.0,66.6666666666667
8932,Columba livia,UP000053872,8932,Representative,1.0,18.0,100.0,100.0
8996,Numida meleagris,UP000243875,8996,Other,1.0,1.0,0.0,0.0
9014,Colinus virginianus,UP000198419,9014,Other,1.0,8.0,100.0,87.5
9031,Gallus gallus,UP000000539,9031,Representative,2432.0,11022.0,100.0,96.5160587915079
9054,Phasianus colchicus,UP000472261,9054,Representative,1.0,1.0,100.0,100.0
9085,Catreus wallichii,,9085,All-proteins,1.0,2.0,100.0,100.0
9103,Meleagris gallopavo,UP000001645,9103,Representative,6.0,8.0,100.0,87.5
9258,Ornithorhynchus anatinus,UP000002279,9258,Representative,1.0,1.0,100.0,100.0
9305,Sarcophilus harrisii,UP000007648,9305,Representative,5023.0,22239.0,100.0,95.8316471064346
9337,Trichosurus vulpecula,,9337,All-proteins,2.0,45.0,100.0,100.0
9402,Pteropus alecto,UP000010552,9402,Representative,7.0,8.0,100.0,75.0
9483,Callithrix jacchus,UP000008225,9483,Representative,10.0,5.0,100.0,100.0
9509,Ateles geoffroyi,,9509,All-proteins,2.0,1.0,100.0,100.0
9534,Chlorocebus aethiops,,9534,All-proteins,2.0,7.0,100.0,100.0
9538,Erythrocebus patas,,9538,All-proteins,1.0,1.0,100.0,100.0
9541,Macaca fascicularis,UP000233100,9541,Representative,84.0,11.0,100.0,72.7272727272727
9544,Macaca mulatta,UP000006718,9544,Representative,97.0,9.0,100.0,100.0
9545,Macaca nemestrina,UP000233120,9545,Representative,2.0,1.0,100.0,100.0
9548,Macaca radiata,,9548,All-proteins,5.0,15.0,100.0,93.3333333333333
9580,Hylobates lar,,9580,All-proteins,2.0,1.0,100.0,100.0
9593,Gorilla gorilla,UP000001519,9595,Reference,7.0,9.0,100.0,100.0
9597,Pan paniscus,UP000240080,9597,Reference,2.0,1.0,100.0,100.0
9598,Pan troglodytes,UP000002277,9598,Representative,57.0,36.0,100.0,100.0
9600,Pongo pygmaeus,,9600,All-proteins,3.0,2.0,33.3333333333333,0.0
9601,Pongo abelii,UP000001595,9601,Representative,3.0,2.0,100.0,100.0
9612,Canis lupus,UP000694391,286419,Representative,1299.0,2184.0,100.0,85.989010989011
9685,Felis catus,UP000011712,9685,Representative,17.0,204.0,100.0,88.2352941176471
9755,Physeter catodon,UP000248484,9755,Representative,3.0,39.0,100.0,100.0
9796,Equus caballus,UP000002281,9796,Representative,18.0,196.0,100.0,67.3469387755102
9798,Equus przewalskii,,9798,All-proteins,1.0,1.0,0.0,0.0
9823,Sus scrofa,UP000008227,9823,Representative,1645.0,17575.0,100.0,99.5334281650071
9844,Lama glama,,9844,All-proteins,253.0,1.0,100.0,0.0
9860,Cervus elaphus,UP000242450,46360,Representative,2.0,5.0,100.0,0.0
9874,Odocoileus virginianus,UP000504613,9880,Representative,3.0,2.0,100.0,50.0
9913,Bos taurus,UP000009136,9913,Representative,4254.0,4841.0,100.0,97.3146044205743
9925,Capra hircus,UP000291000,9925,Representative,7.0,14.0,100.0,100.0
9940,Ovis aries,UP000002356,9940,Representative,24.0,114.0,100.0,82.4561403508772
9978,Ochotona princeps,,9978,All-proteins,1.0,1.0,0.0,0.0
9986,Oryctolagus cuniculus,UP000001811,9986,Representative,157.0,333.0,100.0,72.0720720720721
10029,Cricetulus griseus,UP000001075,10029,Representative,9.0,10.0,100.0,90.0
10036,Mesocricetus auratus,UP000189706,10036,Representative,9.0,145.0,100.0,95.8620689655172
10042,Peromyscus maniculatus,UP000504601,230844,Representative,1.0,1.0,100.0,100.0
10090,Mus musculus,UP000000589,10090,Representative,33395.0,84002.0,103.52447971253184,97.29292159710484
10116,Rattus norvegicus,UP000002494,10116,Representative,11521.0,34820.0,100.0,98.1792073520965
10141,Cavia porcellus,UP000005447,10141,Representative,22.0,139.0,100.0,95.68345323741008
10224,Saccoglossus kowalevskii,,10224,All-proteins,1.0,1.0,100.0,100.0
10243,Cowpox virus,UP000113999,10243,Other,30.0,35.0,100.0,85.71428571428571
10244,Monkeypox virus,UP000516359,10244,Reference,7.0,9.0,100.0,100.0
10245,Vaccinia virus,UP000000344,10254,Representative,1268.0,17761.0,96.68769716088327,92.24705816113958
10255,Variola virus,UP000002060,587200,Reference,187.0,431.0,98.93048128342244,99.07192575406032
10258,Orf virus,UP000000870,647330,Representative,27.0,37.0,100.0,78.37837837837837
10261,Fowlpox virus,UP000008597,928301,Representative,8.0,7.0,87.5,85.71428571428571
10273,Myxoma virus,UP000291359,10273,Representative,5.0,4.0,100.0,100.0
10276,Swinepox virus,UP000000871,300880,Representative,2.0,2.0,100.0,100.0
10368,Human betaherpesvirus 6,,10368,All-proteins,4.0,2.0,100.0,100.0
10373,Macaca mulatta cytomegalovirus,,10373,All-proteins,2.0,150.0,100.0,100.0
10407,Hepatitis B virus,UP000007930,490133,Representative,378.0,2906.0,99.73544973544972,51.30763936682725
10493,Frog virus 3,UP000319751,10493,Representative,1.0,3.0,100.0,100.0
10497,African swine fever virus,UP000000624,10498,Representative,207.0,696.0,100.0,67.24137931034483
10537,Canine mastadenovirus A,UP000118097,10514,Representative,1.0,2.0,100.0,100.0
10561,Xipapillomavirus 1,UP000126963,714200,Representative,2.0,34.0,100.0,17.647058823529413
10566,Human papillomavirus,UP000126093,10566,Representative,6.0,7.0,100.0,0.0
10623,Kappapapillomavirus 2,UP000008787,31553,Representative,6.0,9.0,100.0,100.0
10665,Tequatrovirus T4,UP000009087,10665,Representative,3.0,26.0,100.0,100.0
10678,Punavirus P1,UP000008091,2886926,Representative,2.0,10.0,100.0,100.0
10703,Corynephage beta,,10703,All-proteins,1.0,2.0,100.0,100.0
10710,Lambdavirus lambda,UP000001711,2681611,Representative,2.0,11.0,100.0,100.0
10754,Lederbergvirus P22,UP000001795,10754,Representative,3.0,6.0,100.0,83.33333333333334
10847,Sinsheimervirus phiX174,UP000005893,1217068,Representative,1.0,1.0,100.0,100.0
10864,Enterobacteria phage fd,,10864,All-proteins,2.0,32.0,100.0,96.875
10879,Cystovirus phi6,UP000002610,2928686,Representative,1.0,7.0,100.0,100.0
10891,Reovirus sp.,,10891,All-proteins,1.0,2.0,100.0,100.0
11021,Eastern equine encephalitis virus,UP000008298,374598,Other,16.0,74.0,100.0,68.91891891891892
11029,Ross River virus,UP000006579,11031,Other,4.0,41.0,100.0,78.04878048780488
11033,Semliki Forest virus,UP000000570,11033,Reference,4.0,50.0,100.0,98.0
11034,Sindbis virus,UP000006710,11034,Reference,7.0,24.0,100.0,45.83333333333333
11036,Venezuelan equine encephalitis virus,UP000131307,11036,Other,6.0,35.0,100.0,71.42857142857143
11039,Western equine encephalitis virus,UP000096692,11039,Other,4.0,7.0,100.0,100.0
11137,Human coronavirus 229E,UP000006716,11137,Representative,251.0,17708.0,100.0,73.22679015134402
11276,Vesicular stomatitis virus,UP000147073,11276,Representative,11.0,16.0,100.0,18.75
11292,Lyssavirus rabies,UP000166950,11292,Representative,38.0,130.0,97.36842105263158,64.61538461538461
11636,Reticuloendotheliosis virus,UP000098146,11636,Other,2.0,7.0,100.0,100.0
11642,Simian foamy virus,UP000154619,11642,Representative,13.0,11.0,100.0,63.63636363636363
11660,Caprine arthritis encephalitis virus,UP000203242,11661,Representative,12.0,28.0,100.0,60.71428571428571
11665,Equine infectious anemia virus,,11665,All-proteins,21.0,350.0,100.0,52.28571428571429
11673,Feline immunodeficiency virus,UP000242267,11674,Representative,11.0,38.0,100.0,57.89473684210527
11676,Human immunodeficiency virus 1,UP000107234,11678,Representative,526.0,1203.0,99.04942965779468,40.565253532834575
11709,Human immunodeficiency virus 2,UP000007425,73484,Representative,34.0,94.0,100.0,54.25531914893617
11723,Simian immunodeficiency virus,UP000005623,11723,Representative,314.0,23906.0,99.68152866242038,15.385258930812348
11746,Jaagsiekte sheep retrovirus,UP000118907,11746,Other,1.0,1.0,100.0,100.0
11757,Mouse mammary tumor virus,UP000228400,11758,Reference,2.0,29.0,100.0,96.55172413793105
11768,Feline leukemia virus,UP000120560,11768,Other,2.0,19.0,100.0,63.1578947368421
11780,Snyder-Theilen feline sarcoma virus,,11780,All-proteins,1.0,1.0,100.0,100.0
11786,Murine leukemia virus,UP000006625,928306,Reference,34.0,141.0,97.05882352941175,23.404255319148938
11809,Moloney murine sarcoma virus,UP000108184,11809,Other,1.0,4.0,100.0,0.0
11855,Mason-Pfizer monkey virus,UP000007228,11942,Other,2.0,7.0,100.0,57.14285714285714
11864,Avian leukosis virus,UP000002238,363745,Reference,10.0,14.0,100.0,21.428571428571427
11886,Rous sarcoma virus,UP000007183,11888,Other,3.0,7.0,100.0,85.71428571428571
11901,Bovine leukemia virus,UP000202838,11901,Representative,12.0,430.0,100.0,68.37209302325581
11966,Aids-associated retrovirus,,11966,All-proteins,1.0,2.0,100.0,100.0
11976,Rabbit hemorrhagic disease virus,UP000000413,314536,Reference,5.0,17.0,100.0,76.47058823529412
11978,Feline calicivirus,UP000001098,292349,Reference,6.0,69.0,100.0,30.434782608695656
11983,Norwalk virus,UP000000826,524364,Reference,89.0,442.0,100.0,27.82805429864253
12064,Enterovirus E,UP000006566,12065,Other,4.0,19.0,100.0,84.21052631578947
12092,Hepatovirus A,UP000006724,12098,Reference,25.0,607.0,92.0,87.3146622734761
12110,Foot-and-mouth disease virus,UP000000682,649897,Reference,138.0,1251.0,100.0,28.377298161470826
12161,Beet yellows virus,UP000000359,478555,Representative,1.0,5.0,100.0,80.0
12162,Citrus tristeza virus,UP000204414,12162,Representative,4.0,8.0,100.0,0.0
12211,Plum pox virus,UP000006685,12213,Other,2.0,2.0,100.0,100.0
12216,Potato virus Y,UP000000520,12219,Reference,4.0,10.0,100.0,80.0
12232,Zucchini yellow mosaic virus,UP000008610,117128,Other,1.0,1.0,100.0,100.0
12242,Tobacco mosaic virus,UP000000522,12243,Representative,12.0,205.0,100.0,97.07317073170732
12305,Cucumber mosaic virus,UP000002502,12307,Representative,3.0,9.0,100.0,77.77777777777779
12455,Borna disease virus,UP000007804,928296,Representative,11.0,30.0,100.0,70.0
12475,Hepatitis delta virus,UP000006675,31762,Representative,25.0,331.0,100.0,8.157099697885197
12480,African green monkey polyomavirus,UP000173801,10574,Representative,1.0,1.0,100.0,100.0
12639,Duck hepatitis B virus,UP000007203,489543,Representative,8.0,290.0,100.0,80.6896551724138
12643,Ectromelia virus,UP000130118,1452750,Other,40.0,50.0,100.0,100.0
12721,Human immunodeficiency virus,UP000135747,12721,Representative,22.0,60.0,95.45454545454544,0.0
13101,Juniperus ashei,,13101,All-proteins,2.0,74.0,100.0,100.0
13373,Burkholderia mallei,UP000006693,243160,Non-redundant,166.0,105.0,100.0,98.09523809523807
13415,Chamaecyparis obtusa,,13415,All-proteins,3.0,122.0,100.0,100.0
13451,Corylus avellana,,13451,All-proteins,9.0,156.0,100.0,96.7948717948718
13469,Cupressus sempervirens,,13469,All-proteins,3.0,20.0,100.0,100.0
13557,Hapalemur griseus,,13557,All-proteins,1.0,1.0,100.0,100.0
13616,Monodelphis domestica,UP000002280,13616,Representative,2.0,4.0,100.0,100.0
13618,Myrmecia pilosula,,13618,All-proteins,1.0,2.0,100.0,100.0
13677,Scomber scombrus,,13677,All-proteins,1.0,1.0,100.0,100.0
15368,Brachypodium distachyon,UP000008810,15368,Representative,1.0,1.0,100.0,100.0
15957,Phleum pratense,,15957,All-proteins,177.0,1712.0,100.0,99.64953271028035
16719,Juglans nigra,,16719,All-proteins,2.0,24.0,100.0,100.0
27990,Plasmodium vivax-like sp.,,27990,All-proteins,1.0,3.0,100.0,100.0
28035,Staphylococcus lugdunensis,UP000070063,28035,Non-redundant,4.0,5.0,100.0,80.0
28037,Streptococcus mitis,UP000013315,1239793,Non-redundant,1.0,1.0,100.0,0.0
28038,Latilactobacillus curvatus,UP000031010,28038,Non-redundant,1.0,1.0,100.0,100.0
28049,Acidothermus cellulolyticus,UP000008221,351607,Representative,2.0,2.0,100.0,100.0
28080,Campylobacter upsaliensis,UP000005813,888826,Non-redundant,1.0,1.0,100.0,100.0
28116,Bacteroides ovatus,UP000005506,997886,Non-redundant,6.0,6.0,100.0,66.66666666666666
28130,Prevotella disiens,UP000003610,866771,Non-redundant,1.0,1.0,100.0,100.0
28131,Prevotella intermedia,UP000187195,1122984,Representative,3.0,3.0,100.0,33.33333333333333
28132,Prevotella melaninogenica,UP000267517,28132,Non-redundant,1.0,2.0,100.0,100.0
28137,Prevotella veroralis,UP000003327,649761,Representative,1.0,1.0,100.0,100.0
28151,Serratia proteamaculans,UP000192912,28151,Non-redundant,1.0,1.0,100.0,100.0
28172,Vibrio metschnikovii,UP000005604,675813,Other,1.0,1.0,100.0,100.0
28197,Aliarcobacter butzleri,UP000001136,367737,Representative,1.0,1.0,100.0,100.0
28227,Malacoplasma penetrans,UP000002522,272633,Representative,1.0,67.0,100.0,43.28358208955223
28295,Porcine epidemic diarrhea virus,UP000110085,28295,Representative,27.0,257.0,100.0,56.03112840466926
28300,Heron hepatitis B virus,UP000008679,28300,Other,1.0,1.0,100.0,100.0
28327,Murine rotavirus,UP000141373,28327,Representative,3.0,36.0,100.0,86.11111111111111
28375,Soil-borne wheat mosaic virus,UP000009270,652673,Representative,1.0,1.0,100.0,100.0
28448,Komagataeibacter xylinus,UP000019231,1296990,Non-redundant,1.0,1.0,100.0,0.0
28450,Burkholderia pseudomallei,UP000000605,272560,Representative,131.0,830.0,97.70992366412212,99.27710843373494
28479,Phalaris aquatica,,28479,All-proteins,3.0,23.0,100.0,100.0
28871,Taterapox virus,UP000139570,28871,Other,3.0,5.0,100.0,100.0
28873,Camelpox virus,UP000107153,203172,Representative,65.0,167.0,100.0,100.0
28875,Rotavirus A,UP000006581,10962,Representative,83.0,279.0,100.0,54.12186379928316
28901,Salmonella enterica,UP000001014,99287,Representative,520.0,506.0,94.6153846153846,67.78656126482213
28903,Mycoplasmopsis bovis,UP000008713,289397,Non-redundant,4.0,21.0,100.0,57.14285714285714
28909,Cynodon dactylon,,28909,All-proteins,10.0,152.0,100.0,100.0
29073,Ursus maritimus,UP000261680,29073,Representative,1.0,1.0,100.0,100.0
29159,Crassostrea gigas,UP000005408,29159,Representative,4.0,32.0,100.0,71.875
29170,Ancylostoma caninum,UP000252519,29170,Representative,1.0,1.0,100.0,100.0
29176,Neospora caninum,UP000007494,572307,Representative,2.0,84.0,100.0,91.66666666666666
29271,Dasheen mosaic virus,UP000203176,29271,Other,1.0,1.0,100.0,0.0
29320,Paenarthrobacter nicotinovorans,UP000078426,29320,Other,1.0,3.0,100.0,0.0
29362,Ruminiclostridium papyrosolvens,UP000003860,588581,Other,1.0,1.0,100.0,100.0
29380,Staphylococcus caprae,UP000003152,525378,Non-redundant,63.0,142.0,100.0,85.2112676056338
29388,Staphylococcus capitis,UP000291949,29388,Non-redundant,9.0,18.0,100.0,83.33333333333334
29430,Acinetobacter haemolyticus,UP000003085,707232,Non-redundant,1.0,1.0,100.0,100.0
29442,Pseudomonas tolaasii,UP000549134,29442,Non-redundant,2.0,1.0,100.0,100.0
29447,Xanthomonas albilineans,UP000001890,380358,Representative,1.0,1.0,100.0,100.0
29459,Brucella melitensis,UP000000419,224914,Non-redundant,150.0,656.0,100.0,97.5609756097561
29461,Brucella suis,UP000325361,644346,Representative,73.0,63.0,68.4931506849315,17.46031746031746
29466,Veillonella parvula,UP000007968,479436,Non-redundant,2.0,2.0,50.0,50.0
29484,Yersinia frederiksenii,UP000254835,29484,Non-redundant,3.0,3.0,100.0,100.0
29497,Vibrio splendidus,UP000005350,314291,Non-redundant,2.0,2.0,100.0,100.0
29507,Leptospira kirschneri,UP000012127,1193046,Representative,2.0,1.0,100.0,100.0
29518,Borreliella afzelii,UP000005216,390236,Non-redundant,4.0,5.0,100.0,80.0
29519,Borreliella garinii,UP000002276,290434,Non-redundant,6.0,33.0,100.0,12.12121212121212
29523,Bacteroides sp.,UP000262078,29523,Non-redundant,8.0,3.0,100.0,33.33333333333333
29543,Pelobacter propionicus,UP000006732,338966,Representative,2.0,3.0,100.0,100.0
29661,Anthoxanthum odoratum,,29661,All-proteins,1.0,3.0,100.0,100.0
29679,Holcus lanatus,,29679,All-proteins,2.0,21.0,100.0,100.0
29715,Ambrosia psilostachya,,29715,All-proteins,3.0,20.0,100.0,90.0
29760,Vitis vinifera,UP000009183,29760,Representative,1.0,1.0,100.0,100.0
29780,Mangifera indica,,29780,All-proteins,1.0,2.0,100.0,100.0
29918,Cladosporium herbarum,,29918,All-proteins,9.0,53.0,100.0,100.0
30011,Pyrophorus plagiophthalamus,,30011,All-proteins,2.0,3.0,100.0,100.0
30069,Anopheles stephensi,UP000076408,30069,Representative,1.0,1.0,100.0,0.0
30215,Vespula vidua,,30215,All-proteins,1.0,1.0,100.0,100.0
30522,Bos indicus x Bos taurus,UP000314981,30522,Representative,2.0,1.0,100.0,100.0
30538,Vicugna pacos,UP000504605,30538,Representative,117.0,2.0,100.0,50.0
31330,Ephydatia fluviatilis,None,31330,All-proteins,1.0,1.0,100.0,100.0
